-- Adminer 4.2.5 MySQL dump

SET NAMES utf8;
SET time_zone = '+00:00';
SET foreign_key_checks = 0;
SET sql_mode = 'NO_AUTO_VALUE_ON_ZERO';

DROP DATABASE IF EXISTS `courier_schedule`;
CREATE DATABASE `courier_schedule` /*!40100 DEFAULT CHARACTER SET utf8 */;
USE `courier_schedule`;

DROP TABLE IF EXISTS `courier`;
CREATE TABLE `courier` (
  `id` int(11) NOT NULL AUTO_INCREMENT,
  `full_name` varchar(50) COLLATE utf8_unicode_ci NOT NULL,
  PRIMARY KEY (`id`)
) ENGINE=InnoDB DEFAULT CHARSET=utf8 COLLATE=utf8_unicode_ci;

INSERT INTO `courier` (`id`, `full_name`) VALUES
(1,	'Ермаков Радислав Романович'),
(2,	'Василиса Владимировна Гаврилова'),
(3,	'Ульяна Сергеевна Никонова'),
(4,	'Герман Сергеевич Бобров'),
(5,	'Антон Алексеевич Дьячков'),
(6,	'Таисия Александровна Капустина'),
(7,	'Осипова Эмилия Сергеевна'),
(8,	'Инесса Ивановна Лапина'),
(9,	'Назаров Клим Александрович'),
(10,	'Стефан Владимирович Блохин'),
(11,	'Владлен Борисович Казаков'),
(12,	'Сазонова Алина Львовна'),
(13,	'Доронин Герман Андреевич'),
(14,	'Попова Светлана Алексеевна'),
(15,	'Кошелева Доминика Евгеньевна');

DROP TABLE IF EXISTS `region`;
CREATE TABLE `region` (
  `id` int(11) NOT NULL AUTO_INCREMENT,
  `name` varchar(50) COLLATE utf8_unicode_ci NOT NULL,
  `travel_time` smallint(6) NOT NULL,
  PRIMARY KEY (`id`)
) ENGINE=InnoDB DEFAULT CHARSET=utf8 COLLATE=utf8_unicode_ci;

INSERT INTO `region` (`id`, `name`, `travel_time`) VALUES
(1,	'Санкт-Петербург',	9),
(2,	'Уфа',	9),
(3,	'Нижний Новгород',	8),
(4,	'Владимир',	13),
(5,	'Кострома',	15),
(6,	'Екатеринбург',	15),
(7,	'Ковров',	15),
(8,	'Воронеж',	3),
(9,	'Самара',	13),
(10,	'Астрахань',	8);

DROP TABLE IF EXISTS `schedule`;
CREATE TABLE `schedule` (
  `id` int(11) NOT NULL AUTO_INCREMENT,
  `region__id` int(11) DEFAULT NULL,
  `courier__id` int(11) DEFAULT NULL,
  `departure_date` date NOT NULL,
  `arrival_date` date NOT NULL,
  PRIMARY KEY (`id`),
  KEY `IDX_5A3811FB160C2ED9` (`region__id`),
  KEY `IDX_5A3811FB197729F9` (`courier__id`),
  CONSTRAINT `FK_5A3811FB160C2ED9` FOREIGN KEY (`region__id`) REFERENCES `region` (`id`),
  CONSTRAINT `FK_5A3811FB197729F9` FOREIGN KEY (`courier__id`) REFERENCES `courier` (`id`)
) ENGINE=InnoDB DEFAULT CHARSET=utf8 COLLATE=utf8_unicode_ci;

INSERT INTO `schedule` (`id`, `region__id`, `courier__id`, `departure_date`, `arrival_date`) VALUES
(1,	8,	1,	'2015-06-01',	'2015-06-07'),
(2,	7,	2,	'2015-06-01',	'2015-07-01'),
(3,	8,	11,	'2015-06-01',	'2015-06-07'),
(4,	5,	12,	'2015-06-01',	'2015-07-01'),
(5,	1,	5,	'2015-06-01',	'2015-06-19'),
(6,	1,	4,	'2015-06-01',	'2015-06-19'),
(7,	3,	9,	'2015-06-01',	'2015-06-17'),
(8,	9,	3,	'2015-06-02',	'2015-06-28'),
(9,	9,	15,	'2015-06-02',	'2015-06-28'),
(10,	6,	13,	'2015-06-02',	'2015-07-02'),
(11,	10,	14,	'2015-06-02',	'2015-06-18'),
(12,	5,	8,	'2015-06-02',	'2015-07-02'),
(13,	8,	10,	'2015-06-03',	'2015-06-09'),
(14,	2,	7,	'2015-06-04',	'2015-06-22'),
(15,	8,	6,	'2015-06-06',	'2015-06-12'),
(16,	8,	1,	'2015-06-08',	'2015-06-14'),
(17,	3,	11,	'2015-06-08',	'2015-06-24'),
(18,	7,	10,	'2015-06-11',	'2015-07-11'),
(19,	4,	6,	'2015-06-13',	'2015-07-09'),
(20,	7,	1,	'2015-06-18',	'2015-07-18'),
(21,	8,	14,	'2015-06-19',	'2015-06-25'),
(22,	4,	9,	'2015-06-20',	'2015-07-16'),
(23,	1,	5,	'2015-06-20',	'2015-07-08'),
(24,	8,	4,	'2015-06-21',	'2015-06-27'),
(25,	5,	7,	'2015-06-24',	'2015-07-24'),
(26,	1,	14,	'2015-06-26',	'2015-07-14'),
(27,	8,	11,	'2015-06-27',	'2015-07-03'),
(28,	8,	4,	'2015-06-28',	'2015-07-04'),
(29,	4,	15,	'2015-06-29',	'2015-07-25'),
(30,	6,	3,	'2015-07-01',	'2015-07-31'),
(31,	4,	12,	'2015-07-02',	'2015-07-28'),
(32,	5,	13,	'2015-07-03',	'2015-08-02'),
(33,	1,	2,	'2015-07-03',	'2015-07-21'),
(34,	4,	8,	'2015-07-03',	'2015-07-29'),
(35,	3,	11,	'2015-07-04',	'2015-07-20'),
(36,	3,	4,	'2015-07-06',	'2015-07-22'),
(37,	7,	5,	'2015-07-10',	'2015-08-09'),
(38,	9,	6,	'2015-07-10',	'2015-08-05'),
(39,	10,	10,	'2015-07-12',	'2015-07-28'),
(40,	1,	9,	'2015-07-17',	'2015-08-04'),
(41,	5,	14,	'2015-07-18',	'2015-08-17'),
(42,	5,	1,	'2015-07-21',	'2015-08-20'),
(43,	8,	2,	'2015-07-22',	'2015-07-28'),
(44,	3,	4,	'2015-07-23',	'2015-08-08'),
(45,	6,	11,	'2015-07-23',	'2015-08-22'),
(46,	9,	15,	'2015-07-26',	'2015-08-21'),
(47,	2,	10,	'2015-07-29',	'2015-08-16'),
(48,	4,	7,	'2015-07-30',	'2015-08-25'),
(49,	1,	12,	'2015-07-31',	'2015-08-18'),
(50,	7,	2,	'2015-07-31',	'2015-08-30'),
(51,	6,	8,	'2015-07-31',	'2015-08-30'),
(52,	10,	3,	'2015-08-01',	'2015-08-17'),
(53,	5,	13,	'2015-08-04',	'2015-09-03'),
(54,	8,	6,	'2015-08-07',	'2015-08-13'),
(55,	10,	9,	'2015-08-07',	'2015-08-23'),
(56,	3,	5,	'2015-08-10',	'2015-08-26'),
(57,	1,	4,	'2015-08-13',	'2015-08-31'),
(58,	3,	6,	'2015-08-14',	'2015-08-30'),
(59,	8,	3,	'2015-08-18',	'2015-08-24'),
(60,	10,	10,	'2015-08-19',	'2015-09-04'),
(61,	5,	12,	'2015-08-21',	'2015-09-20'),
(62,	9,	14,	'2015-08-22',	'2015-09-17'),
(63,	8,	15,	'2015-08-22',	'2015-08-28'),
(64,	7,	1,	'2015-08-22',	'2015-09-21'),
(65,	8,	11,	'2015-08-24',	'2015-08-30'),
(66,	5,	9,	'2015-08-25',	'2015-09-24'),
(67,	7,	7,	'2015-08-27',	'2015-09-26'),
(68,	10,	3,	'2015-08-28',	'2015-09-13'),
(69,	8,	5,	'2015-08-29',	'2015-09-04'),
(70,	7,	15,	'2015-08-29',	'2015-09-28'),
(71,	5,	6,	'2015-08-31',	'2015-09-30'),
(72,	10,	8,	'2015-08-31',	'2015-09-16'),
(73,	3,	11,	'2015-09-01',	'2015-09-17'),
(74,	4,	2,	'2015-09-01',	'2015-09-27'),
(75,	7,	4,	'2015-09-03',	'2015-10-03'),
(76,	8,	13,	'2015-09-04',	'2015-09-10'),
(77,	6,	10,	'2015-09-05',	'2015-10-05'),
(78,	2,	5,	'2015-09-08',	'2015-09-26'),
(79,	7,	13,	'2015-09-14',	'2015-10-14'),
(80,	4,	3,	'2015-09-15',	'2015-10-11'),
(81,	10,	8,	'2015-09-17',	'2015-10-03'),
(82,	7,	14,	'2015-09-18',	'2015-10-18'),
(83,	9,	11,	'2015-09-19',	'2015-10-15'),
(84,	5,	12,	'2015-09-21',	'2015-10-21'),
(85,	8,	1,	'2015-09-22',	'2015-09-28'),
(86,	6,	9,	'2015-09-25',	'2015-10-25'),
(87,	6,	5,	'2015-09-27',	'2015-10-27'),
(88,	8,	7,	'2015-09-28',	'2015-10-04'),
(89,	3,	1,	'2015-09-29',	'2015-10-15'),
(90,	9,	2,	'2015-09-29',	'2015-10-25'),
(91,	3,	15,	'2015-09-29',	'2015-10-15'),
(92,	7,	6,	'2015-10-01',	'2015-10-31'),
(93,	2,	4,	'2015-10-04',	'2015-10-22'),
(94,	2,	7,	'2015-10-05',	'2015-10-23'),
(95,	3,	8,	'2015-10-07',	'2015-10-23'),
(96,	9,	10,	'2015-10-11',	'2015-11-06'),
(97,	10,	3,	'2015-10-12',	'2015-10-28'),
(98,	1,	13,	'2015-10-15',	'2015-11-02'),
(99,	8,	11,	'2015-10-17',	'2015-10-23'),
(100,	5,	1,	'2015-10-18',	'2015-11-17'),
(101,	5,	15,	'2015-10-18',	'2015-11-17'),
(102,	10,	14,	'2015-10-20',	'2015-11-05'),
(103,	10,	4,	'2015-10-23',	'2015-11-08'),
(104,	1,	11,	'2015-10-24',	'2015-11-11'),
(105,	3,	8,	'2015-10-25',	'2015-11-10'),
(106,	6,	7,	'2015-10-25',	'2015-11-24'),
(107,	2,	9,	'2015-10-26',	'2015-11-13'),
(108,	2,	12,	'2015-10-26',	'2015-11-13'),
(109,	3,	2,	'2015-10-27',	'2015-11-12'),
(110,	8,	3,	'2015-10-29',	'2015-11-04'),
(111,	4,	5,	'2015-10-31',	'2015-11-26'),
(112,	9,	6,	'2015-11-01',	'2015-11-27'),
(113,	8,	13,	'2015-11-04',	'2015-11-10'),
(114,	10,	3,	'2015-11-05',	'2015-11-21'),
(115,	6,	10,	'2015-11-08',	'2015-12-08'),
(116,	3,	14,	'2015-11-08',	'2015-11-24'),
(117,	2,	4,	'2015-11-09',	'2015-11-27'),
(118,	9,	13,	'2015-11-11',	'2015-12-07'),
(119,	8,	8,	'2015-11-11',	'2015-11-17'),
(120,	5,	9,	'2015-11-14',	'2015-12-14'),
(121,	8,	11,	'2015-11-14',	'2015-11-20'),
(122,	5,	12,	'2015-11-14',	'2015-12-14'),
(123,	8,	2,	'2015-11-15',	'2015-11-21'),
(124,	4,	8,	'2015-11-18',	'2015-12-14'),
(125,	5,	1,	'2015-11-19',	'2015-12-19'),
(126,	1,	15,	'2015-11-19',	'2015-12-07'),
(127,	6,	11,	'2015-11-23',	'2015-12-23'),
(128,	3,	14,	'2015-11-25',	'2015-12-11'),
(129,	9,	7,	'2015-11-25',	'2015-12-21'),
(130,	3,	2,	'2015-11-26',	'2015-12-12'),
(131,	7,	3,	'2015-11-26',	'2015-12-26'),
(132,	9,	5,	'2015-11-27',	'2015-12-23'),
(133,	6,	6,	'2015-11-28',	'2015-12-28'),
(134,	2,	4,	'2015-11-29',	'2015-12-17'),
(135,	4,	13,	'2015-12-08',	'2016-01-03'),
(136,	10,	10,	'2015-12-09',	'2015-12-25'),
(137,	6,	15,	'2015-12-12',	'2016-01-11'),
(138,	2,	14,	'2015-12-15',	'2016-01-02'),
(139,	5,	2,	'2015-12-15',	'2016-01-14'),
(140,	10,	12,	'2015-12-16',	'2016-01-01'),
(141,	4,	8,	'2015-12-17',	'2016-01-12'),
(142,	6,	4,	'2015-12-18',	'2016-01-17'),
(143,	4,	9,	'2015-12-19',	'2016-01-14'),
(144,	3,	1,	'2015-12-21',	'2016-01-06'),
(145,	6,	7,	'2015-12-22',	'2016-01-21'),
(146,	4,	5,	'2015-12-24',	'2016-01-19'),
(147,	7,	11,	'2015-12-24',	'2016-01-23'),
(148,	8,	6,	'2015-12-29',	'2016-01-04'),
(149,	8,	10,	'2015-12-30',	'2016-01-05'),
(150,	3,	3,	'2015-12-31',	'2016-01-16'),
(151,	3,	12,	'2016-01-02',	'2016-01-18'),
(152,	5,	14,	'2016-01-03',	'2016-02-02'),
(153,	6,	13,	'2016-01-05',	'2016-02-04'),
(154,	8,	6,	'2016-01-05',	'2016-01-11'),
(155,	6,	1,	'2016-01-07',	'2016-02-06'),
(156,	4,	10,	'2016-01-07',	'2016-02-02'),
(157,	3,	6,	'2016-01-13',	'2016-01-29'),
(158,	1,	15,	'2016-01-14',	'2016-02-01'),
(159,	2,	8,	'2016-01-14',	'2016-02-01'),
(160,	9,	2,	'2016-01-15',	'2016-02-10'),
(161,	5,	9,	'2016-01-15',	'2016-02-14'),
(162,	6,	3,	'2016-01-17',	'2016-02-16'),
(163,	7,	4,	'2016-01-18',	'2016-02-17'),
(164,	8,	12,	'2016-01-19',	'2016-01-25'),
(165,	6,	5,	'2016-01-20',	'2016-02-19'),
(166,	7,	7,	'2016-01-23',	'2016-02-22'),
(167,	5,	11,	'2016-01-26',	'2016-02-25'),
(168,	10,	12,	'2016-01-26',	'2016-02-11'),
(169,	5,	6,	'2016-01-31',	'2016-03-01'),
(170,	2,	8,	'2016-02-02',	'2016-02-20'),
(171,	1,	14,	'2016-02-03',	'2016-02-21'),
(172,	3,	10,	'2016-02-04',	'2016-02-20'),
(173,	10,	15,	'2016-02-04',	'2016-02-20'),
(174,	7,	13,	'2016-02-05',	'2016-03-06'),
(175,	6,	2,	'2016-02-11',	'2016-03-12'),
(176,	9,	1,	'2016-02-12',	'2016-03-09'),
(177,	7,	12,	'2016-02-14',	'2016-03-15'),
(178,	8,	9,	'2016-02-15',	'2016-02-21'),
(179,	4,	3,	'2016-02-18',	'2016-03-15'),
(180,	8,	5,	'2016-02-20',	'2016-02-26'),
(181,	4,	8,	'2016-02-21',	'2016-03-18'),
(182,	3,	4,	'2016-02-21',	'2016-03-08'),
(183,	2,	15,	'2016-02-21',	'2016-03-10'),
(184,	8,	10,	'2016-02-21',	'2016-02-27'),
(185,	2,	14,	'2016-02-22',	'2016-03-11'),
(186,	7,	7,	'2016-02-23',	'2016-03-24'),
(187,	6,	9,	'2016-02-24',	'2016-03-25'),
(188,	10,	11,	'2016-02-26',	'2016-03-13'),
(189,	3,	10,	'2016-02-28',	'2016-03-15'),
(190,	10,	5,	'2016-02-28',	'2016-03-15'),
(191,	10,	6,	'2016-03-03',	'2016-03-19'),
(192,	2,	13,	'2016-03-08',	'2016-03-26'),
(193,	5,	4,	'2016-03-09',	'2016-04-08'),
(194,	1,	1,	'2016-03-11',	'2016-03-29'),
(195,	8,	15,	'2016-03-11',	'2016-03-17'),
(196,	6,	14,	'2016-03-13',	'2016-04-12'),
(197,	2,	10,	'2016-03-16',	'2016-04-03'),
(198,	6,	5,	'2016-03-16',	'2016-04-15'),
(199,	5,	11,	'2016-03-17',	'2016-04-16'),
(200,	4,	12,	'2016-03-17',	'2016-04-12'),
(201,	5,	3,	'2016-03-17',	'2016-04-16'),
(202,	4,	2,	'2016-03-18',	'2016-04-13'),
(203,	7,	15,	'2016-03-18',	'2016-04-17'),
(204,	10,	8,	'2016-03-19',	'2016-04-04'),
(205,	6,	6,	'2016-03-20',	'2016-04-19'),
(206,	1,	7,	'2016-03-25',	'2016-04-12'),
(207,	2,	13,	'2016-03-27',	'2016-04-14'),
(208,	4,	1,	'2016-03-30',	'2016-04-25'),
(209,	4,	9,	'2016-04-01',	'2016-04-27'),
(210,	10,	10,	'2016-04-04',	'2016-04-20'),
(211,	5,	8,	'2016-04-09',	'2016-05-09'),
(212,	6,	4,	'2016-04-10',	'2016-05-10'),
(213,	10,	14,	'2016-04-14',	'2016-04-30'),
(214,	5,	2,	'2016-04-14',	'2016-05-14'),
(215,	4,	12,	'2016-04-15',	'2016-05-11'),
(216,	3,	13,	'2016-04-15',	'2016-05-01'),
(217,	2,	5,	'2016-04-16',	'2016-05-04'),
(218,	7,	11,	'2016-04-18',	'2016-05-18'),
(219,	8,	3,	'2016-04-18',	'2016-04-24'),
(220,	6,	15,	'2016-04-18',	'2016-05-18'),
(221,	2,	7,	'2016-04-19',	'2016-05-07'),
(222,	10,	10,	'2016-04-21',	'2016-05-07'),
(223,	5,	6,	'2016-04-21',	'2016-05-21'),
(224,	3,	3,	'2016-04-25',	'2016-05-11'),
(225,	1,	1,	'2016-04-27',	'2016-05-15'),
(226,	4,	9,	'2016-04-28',	'2016-05-24'),
(227,	6,	14,	'2016-05-01',	'2016-05-31'),
(228,	1,	13,	'2016-05-04',	'2016-05-22'),
(229,	8,	5,	'2016-05-05',	'2016-05-11'),
(230,	9,	7,	'2016-05-08',	'2016-06-03'),
(231,	9,	10,	'2016-05-09',	'2016-06-04'),
(232,	1,	4,	'2016-05-11',	'2016-05-29'),
(233,	7,	3,	'2016-05-12',	'2016-06-11'),
(234,	2,	8,	'2016-05-12',	'2016-05-30'),
(235,	5,	5,	'2016-05-12',	'2016-06-11'),
(236,	5,	12,	'2016-05-12',	'2016-06-11'),
(237,	4,	2,	'2016-05-16',	'2016-06-11'),
(238,	4,	1,	'2016-05-18',	'2016-06-13'),
(239,	8,	11,	'2016-05-19',	'2016-05-25'),
(240,	10,	15,	'2016-05-19',	'2016-06-04'),
(241,	1,	6,	'2016-05-22',	'2016-06-09'),
(242,	4,	13,	'2016-05-24',	'2016-06-19'),
(243,	7,	9,	'2016-05-25',	'2016-06-24'),
(244,	3,	11,	'2016-05-26',	'2016-06-11'),
(245,	9,	4,	'2016-05-30',	'2016-06-25'),
(246,	8,	14,	'2016-06-01',	'2016-06-07'),
(247,	10,	8,	'2016-06-01',	'2016-06-17'),
(248,	2,	7,	'2016-06-04',	'2016-06-22'),
(249,	10,	10,	'2016-06-05',	'2016-06-21'),
(250,	7,	15,	'2016-06-06',	'2016-07-06'),
(251,	5,	14,	'2016-06-09',	'2016-07-09'),
(252,	3,	6,	'2016-06-11',	'2016-06-27'),
(253,	5,	11,	'2016-06-12',	'2016-07-12'),
(254,	10,	12,	'2016-06-12',	'2016-06-28'),
(255,	10,	5,	'2016-06-12',	'2016-06-28'),
(256,	2,	3,	'2016-06-14',	'2016-07-02'),
(257,	10,	2,	'2016-06-14',	'2016-06-30'),
(258,	7,	1,	'2016-06-17',	'2016-07-17'),
(259,	3,	8,	'2016-06-18',	'2016-07-04'),
(260,	10,	13,	'2016-06-21',	'2016-07-07'),
(261,	6,	10,	'2016-06-22',	'2016-07-22'),
(262,	10,	7,	'2016-06-24',	'2016-07-10'),
(263,	8,	9,	'2016-06-25',	'2016-07-01'),
(264,	10,	4,	'2016-06-26',	'2016-07-12'),
(265,	7,	5,	'2016-06-29',	'2016-07-29'),
(266,	1,	2,	'2016-07-01',	'2016-07-19'),
(267,	10,	6,	'2016-07-01',	'2016-07-17'),
(268,	7,	9,	'2016-07-02',	'2016-08-01'),
(269,	10,	12,	'2016-07-03',	'2016-07-19'),
(270,	4,	3,	'2016-07-04',	'2016-07-30'),
(271,	7,	8,	'2016-07-05',	'2016-08-04'),
(272,	5,	15,	'2016-07-07',	'2016-08-06'),
(273,	6,	13,	'2016-07-08',	'2016-08-07'),
(274,	8,	7,	'2016-07-11',	'2016-07-17'),
(275,	2,	14,	'2016-07-12',	'2016-07-30'),
(276,	10,	11,	'2016-07-14',	'2016-07-30'),
(277,	6,	4,	'2016-07-15',	'2016-08-14'),
(278,	3,	1,	'2016-07-18',	'2016-08-03'),
(279,	9,	12,	'2016-07-20',	'2016-08-15'),
(280,	1,	6,	'2016-07-21',	'2016-08-08'),
(281,	9,	7,	'2016-07-23',	'2016-08-18'),
(282,	4,	2,	'2016-07-24',	'2016-08-19'),
(283,	7,	10,	'2016-07-24',	'2016-08-23'),
(284,	7,	14,	'2016-07-31',	'2016-08-30'),
(285,	1,	11,	'2016-08-01',	'2016-08-19'),
(286,	1,	3,	'2016-08-01',	'2016-08-19'),
(287,	5,	5,	'2016-08-03',	'2016-09-02'),
(288,	8,	9,	'2016-08-03',	'2016-08-09'),
(289,	9,	1,	'2016-08-04',	'2016-08-30'),
(290,	9,	8,	'2016-08-05',	'2016-08-31'),
(291,	7,	15,	'2016-08-08',	'2016-09-07'),
(292,	4,	13,	'2016-08-09',	'2016-09-04'),
(293,	6,	9,	'2016-08-12',	'2016-09-11'),
(294,	4,	6,	'2016-08-13',	'2016-09-08'),
(295,	6,	4,	'2016-08-15',	'2016-09-14');

-- 2016-08-15 10:40:28
